{
  "has_precipitation": true,
  "temperature": 0.2,
  "downfall": 0.8,
  "effects": {
    "foliage_color": -13395712,
    "grass_color": -13369345,
    "sky_color": 7972607,
    "fog_color": -10027213,
    "water_color": -16751002,
    "water_fog_color": -13108
  },
  "spawners": {
    "monster": [],
    "creature": [
      {
        "type": "cat",
        "weight": 20,
        "minCount": 4,
        "maxCount": 4
      },
      {
        "type": "cow",
        "weight": 20,
        "minCount": 4,
        "maxCount": 4
      },
      {
        "type": "fox",
        "weight": 20,
        "minCount": 4,
        "maxCount": 4
      },
      {
        "type": "bee",
        "weight": 20,
        "minCount": 4,
        "maxCount": 4
      }
    ],
    "ambient": [],
    "axolotls": [],
    "underground_water_creature": [],
    "water_creature": [],
    "water_ambient": [],
    "misc": []
  },
  "spawn_costs": {},
  "carvers": {
    "air": [
      "minecraft:cave",
      "minecraft:cave_extra_underground",
      "minecraft:canyon"
    ]
  },
  "features": [
    [],
    [
      "minecraft:lake_lava_underground"
    ],
    [],
    [],
    [],
    [],
    [
      "minecraft:ore_coal_upper",
      "minecraft:ore_coal_lower",
      "minecraft:ore_iron_upper",
      "minecraft:ore_iron_middle",
      "minecraft:ore_iron_small",
      "minecraft:ore_gold",
      "minecraft:ore_gold_lower",
      "minecraft:ore_redstone",
      "minecraft:ore_redstone_lower",
      "minecraft:ore_diamond",
      "minecraft:ore_diamond_medium",
      "minecraft:ore_diamond_large",
      "minecraft:ore_diamond_buried",
      "minecraft:ore_lapis",
      "minecraft:ore_lapis_buried",
      "minecraft:ore_copper",
      "minecraft:underwater_magma"
    ],
    [],
    [],
    [
      "all_the_simple_challenges:atsc_forest_tree",
      "minecraft:bamboo_light",
      "minecraft:trees_jungle"
    ],
    [
      "minecraft:freeze_top_layer"
    ]
  ]
}