{
  "parent": "minecraft:recipes/root",
  "criteria": {
    "has_the_recipe": {
      "conditions": {
        "recipe": "all_the_simple_challenges:custom_netheritenetherstar"
      },
      "trigger": "minecraft:recipe_unlocked"
    },
    "has_ingredient_0": {
      "conditions": {
        "items": [
          {
            "items": "minecraft:netherite_block"
          }
        ]
      },
      "trigger": "minecraft:inventory_changed"
    },
    "has_ingredient_1": {
      "conditions": {
        "items": [
          {
            "items": "minecraft:nether_star"
          }
        ]
      },
      "trigger": "minecraft:inventory_changed"
    }
  },
  "requirements": [
    [
      "has_the_recipe",
      "has_ingredient_0",
      "has_ingredient_1"
    ]
  ],
  "rewards": {
    "recipes": [
      "all_the_simple_challenges:custom_netheritenetherstar"
    ]
  }
}