{
  "parent": "minecraft:recipes/root",
  "criteria": {
    "has_the_recipe": {
      "conditions": {
        "recipe": "all_the_simple_challenges:custom_dis_cobblestone_2"
      },
      "trigger": "minecraft:recipe_unlocked"
    },
    "has_ingredient_0": {
      "conditions": {
        "items": [
          {
            "items": "all_the_simple_challenges:cobblestone_3"
          }
        ]
      },
      "trigger": "minecraft:inventory_changed"
    }
  },
  "requirements": [
    [
      "has_the_recipe",
      "has_ingredient_0"
    ]
  ],
  "rewards": {
    "recipes": [
      "all_the_simple_challenges:custom_dis_cobblestone_2"
    ]
  }
}