{
  "_fv": 79,
  "_type": "biome",
  "definition": {
    "name": "Atsc Forest",
    "groundBlock": {
      "value": "CUSTOM:RedLight"
    },
    "undergroundBlock": {
      "value": "CUSTOM:RedDirt"
    },
    "underwaterBlock": {
      "value": "CUSTOM:RedDirt"
    },
    "fogColor": {
      "value": -10027213,
      "falpha": 0.0
    },
    "grassColor": {
      "value": -13369345,
      "falpha": 0.0
    },
    "foliageColor": {
      "value": -13395712,
      "falpha": 0.0
    },
    "waterColor": {
      "value": -16751002,
      "falpha": 0.0
    },
    "waterFogColor": {
      "value": -13108,
      "falpha": 0.0
    },
    "ambientSound": {
      "value": ""
    },
    "additionsSound": {
      "value": ""
    },
    "music": {
      "value": ""
    },
    "moodSound": {
      "value": ""
    },
    "moodSoundDelay": 6000,
    "spawnParticles": false,
    "particleToSpawn": {
      "value": "ASH"
    },
    "particlesProbability": 0.5,
    "rainingPossibility": 0.8,
    "temperature": 0.2,
    "spawnBiome": true,
    "spawnInCaves": false,
    "spawnBiomeNether": false,
    "genTemperature": {
      "min": -0.3,
      "max": 0.5
    },
    "genHumidity": {
      "min": -0.2,
      "max": 0.5
    },
    "genContinentalness": {
      "min": 0.1,
      "max": 1.0
    },
    "genErosion": {
      "min": -0.2,
      "max": 0.2
    },
    "genWeirdness": {
      "min": -1.0,
      "max": 1.0
    },
    "treesPerChunk": 40,
    "vanillaTreeType": "Big trees",
    "treeType": 0,
    "minHeight": 3,
    "treeStem": {
      "value": ""
    },
    "treeBranch": {
      "value": ""
    },
    "treeVines": {
      "value": ""
    },
    "treeFruits": {
      "value": ""
    },
    "defaultFeatures": [
      "Caves",
      "Ores",
      "FrozenTopLayer",
      "Bamboo",
      "JungleTreeForest"
    ],
    "spawnStronghold": false,
    "spawnMineshaft": false,
    "spawnMineshaftMesa": false,
    "spawnPillagerOutpost": false,
    "villageType": "snowy",
    "spawnWoodlandMansion": false,
    "spawnJungleTemple": false,
    "spawnDesertPyramid": false,
    "spawnSwampHut": true,
    "spawnIgloo": true,
    "spawnOceanMonument": false,
    "spawnShipwreck": false,
    "spawnShipwreckBeached": false,
    "spawnBuriedTreasure": false,
    "oceanRuinType": "NONE",
    "spawnNetherBridge": false,
    "spawnNetherFossil": false,
    "spawnBastionRemnant": false,
    "spawnEndCity": false,
    "spawnRuinedPortal": "STANDARD",
    "spawnEntries": [
      {
        "entity": {
          "value": "EntityCat"
        },
        "minGroup": 4,
        "maxGroup": 4,
        "weight": 20,
        "spawnType": "creature"
      },
      {
        "entity": {
          "value": "EntityCow"
        },
        "minGroup": 4,
        "maxGroup": 4,
        "weight": 20,
        "spawnType": "creature"
      },
      {
        "entity": {
          "value": "EntityFox"
        },
        "minGroup": 4,
        "maxGroup": 4,
        "weight": 20,
        "spawnType": "creature"
      },
      {
        "entity": {
          "value": "EntityBee"
        },
        "minGroup": 4,
        "maxGroup": 4,
        "weight": 20,
        "spawnType": "creature"
      }
    ]
  }
}