{
  "_fv": 79,
  "_type": "command",
  "definition": {
    "commandName": "otp",
    "type": "STANDARD",
    "permissionLevel": "No requirement",
    "argsxml": "<xml xmlns=\"https://developers.google.com/blockly/xml\"><block type=\"args_start\" deletable=\"false\" x=\"192\" y=\"36\"><next><block type=\"entity\"><field name=\"name\">name</field><field name=\"type\">player</field><statement name=\"args\"><block type=\"call_procedure\"><field name=\"procedure\">Otpp</field></block></statement></block></next></block></xml>"
  }
}